"Level","Context","mean"
1,"Relevant",2.06451612903226
2,"Relevant",2.53225806451613
3,"Relevant",2.83870967741935
4,"Relevant",3.56451612903226
5,"Relevant",3.80645161290323
