"Level","Context","mean"
1,"Relevant",3.5
2,"Relevant",4.25806451612903
3,"Relevant",4.79032258064516
4,"Relevant",5.48387096774194
5,"Relevant",5.41935483870968
