"Level","Context","mean"
1,"Relevant",3.01612903225806
2,"Relevant",3.95161290322581
3,"Relevant",4.87096774193548
4,"Relevant",5.25806451612903
5,"Relevant",5.33870967741935
